account_id,customer_id,service_address,billing_address,account_status
1,29,"936 Stephanie Oval, New Cassandra, NM 37713","2389 Kevin Junctions, South Aaron, WA 39251",Active
2,71,"372 Adams Harbors Apt. 702, Richardsonside, IN 94311","250 David Summit Suite 005, Emilyborough, DE 83750",Active
3,58,"414 Nelson Mountain, Christinaland, CA 54378","953 Robert Shoals, Steventon, NH 04537",Active
4,27,"7051 Barnett Well Apt. 302, Pittmanchester, MD 02320","4311 Monica Lodge Suite 174, South Davidhaven, IL 09622",Closed
5,140,"52872 Travis Corner Apt. 795, Millerhaven, AL 29491","007 Jacob Lakes Apt. 248, Kylieview, NE 83815",Active
6,109,"USNV Poole, FPO AE 45954","Unit 5882 Box 5462, DPO AE 57990",Active
7,8,"96575 Diane Rue Suite 302, Castromouth, FL 70459","25823 Hudson Ridges Apt. 623, Palmerbury, WY 33234",Active
8,56,"99789 King Expressway, Myersberg, CO 95706","8449 Dillon Ports Suite 329, Christopherton, MO 14761",Active
9,130,"147 Jonathan Rest Apt. 254, Cherylberg, WA 87660","USNV Gutierrez, FPO AA 43928",Closed
10,7,"938 Melanie Heights, Nelsonchester, NV 90533","07392 Curtis Garden, West Jasonport, ME 94508",Closed
11,51,"2232 Johnson Pike, Samuelfort, LA 71425","84945 Rivera Lodge Apt. 205, New Tyler, AR 10211",Closed
12,140,"46081 Hines Trafficway Apt. 320, Ortiztown, DE 59344","02381 Gonzalez Knoll Apt. 922, Port Jocelyn, HI 27186",Inactive
13,57,"27949 Brad Views Apt. 960, Hammondmouth, MA 74408","21460 Dillon Rapid, South Timothystad, CA 46982",Inactive
14,72,"749 Hensley Forge Suite 185, Christinafurt, SC 93782","3285 Katie Well Apt. 194, North Nicholas, SC 67717",Active
15,41,"27895 Jill Skyway Suite 001, South Justin, MI 88567","139 Brenda Meadow Apt. 131, Mackmouth, NY 86982",Closed
16,109,"3971 Contreras Street, Williamberg, NV 23443","00763 Coleman Village, Petersonburgh, NE 20799",Inactive
17,72,"4108 Anderson Locks Apt. 056, Port Tiffany, OK 02073","094 Kelly Isle, Lake Adam, WY 36097",Active
18,56,"361 York Port, Lake Travisstad, TN 12461","388 Brown Gateway Apt. 249, Leeborough, NC 71439",Inactive
19,27,"405 Douglas River, Royshire, GA 08680","115 Velasquez Shoals Suite 792, Jamesside, CA 88877",Active
20,98,"USCGC Duncan, FPO AE 94021","6746 Jillian Knolls, Austinfurt, MI 26576",Active
21,92,"USNS Hebert, FPO AP 60669","7136 Buchanan Trace Apt. 845, Wellsshire, TN 71435",Inactive
22,68,"45712 Randall Ford, Ronaldside, PA 40876","3098 Joshua Trail, Pricemouth, AZ 21678",Active
23,118,"4528 Davidson Falls, New Maureen, NV 28318","315 Silva Port Suite 682, Port Toddchester, MA 82064",Closed
24,32,"17370 Erin Field Apt. 179, Jonesstad, CO 96389","2467 Thompson Causeway, South Ashley, NC 08355",Inactive
25,21,"97823 Eddie Centers Suite 023, North Robert, ID 63911","5058 Wallace Stravenue, Ryanside, NE 76324",Closed
26,76,"3050 Thomas Isle, Schroederborough, PA 16771","161 Morris Wells Suite 277, Nelsonland, MT 30467",Closed
27,93,"77217 Jason Knolls Apt. 912, Rivaschester, MA 22849","00210 Mcintyre Garden Suite 991, Josephview, MD 15528",Closed
28,50,"0562 Gary Loop Suite 684, North Kaitlyn, AL 92209","632 Lauren Rapids Suite 313, Burnsville, NJ 86999",Closed
29,18,"69325 Charles Mountains, Port Morganburgh, NY 39537","287 Richards Track, New Theresafurt, OK 25258",Active
30,59,"5838 Raymond Vista, Cookburgh, SD 85879","5126 Flores Extension Apt. 663, Seanburgh, MS 90946",Inactive
31,21,"2659 Jackson Ways Apt. 629, Lake Rebeccaview, MN 88936","8254 Danielle Common, Taylorstad, SC 97995",Active
32,26,"2917 Jonathan Camp Suite 213, Garyland, WA 80690","459 Suarez Turnpike, Suzanneborough, KS 83001",Inactive
33,72,"PSC 6454, Box 5911, APO AE 78953","53735 Young Street Suite 838, Michaelview, IA 84316",Inactive
34,94,"6385 Brandi Mews, Jaredburgh, WY 99465","7732 Denise Isle Apt. 268, Garymouth, MT 14732",Active
35,95,"03934 Griffith Spur, Walkerview, CA 02612","384 Randall Greens Suite 456, West Charlesburgh, IN 93368",Inactive
36,54,"8074 Vasquez Mountains Apt. 391, North Christopher, ME 96389","USCGC Sullivan, FPO AE 28870",Closed
37,69,"02477 Nelson Via, North Deniseton, OK 81493","53358 Rodriguez Mills, Murphyfort, IL 01890",Closed
38,19,"21413 Acosta Prairie Suite 184, Martinmouth, MI 44952","053 Scott Walk, Kyletown, AZ 56803",Closed
39,44,"374 Megan Junction Apt. 139, Allenfort, FL 87355","044 May Common, New Anne, CO 09090",Closed
40,63,"Unit 9060 Box 0930, DPO AP 04859","4394 Cristian Estate, East Rebeccamouth, MT 07400",Active
41,119,"763 Maria Valley, Hessside, MD 19871","8304 Mendez Passage Suite 423, Gonzalezberg, DE 11594",Inactive
42,70,"539 Chavez Garden Apt. 366, East Maria, GA 46271","262 Martin Mews Apt. 986, South Marissa, AK 66504",Closed
43,143,"519 Clark Key Suite 688, Port Brandonview, CA 62358","589 Rivera Stravenue, Samanthamouth, GA 47881",Active
44,84,"88105 Michael Meadows Apt. 062, Port John, MD 92922","05027 Brown Mount, Lake Danielmouth, CO 92979",Active
45,59,"164 Jones Fork Apt. 627, North Laurenport, KY 70016","9973 Myers Courts, Tuckerfort, CA 58446",Active
46,81,"187 King Mills Apt. 444, New Stacytown, NY 42260","13957 Laura Lane Apt. 306, Zacharymouth, HI 91164",Inactive
47,69,"321 Walters Mountain, Port Emily, MD 71194","21985 Lisa Row Apt. 653, South Victoriafurt, CA 58966",Active
48,55,"687 Kimberly Junction, Walkerton, WA 42207","2904 Jennifer Street, Chapmanborough, TX 83450",Closed
49,81,"716 Benson Parkway Apt. 077, Port Dennisshire, IN 67738","5543 Davila Radial, New Emily, MT 39635",Active
50,128,"58343 Johnson Field, New Samantha, AR 67907","5523 Dylan Trace, Camposfort, WV 74899",Inactive
51,118,"51599 Nicholas Meadow Suite 666, Sheilatown, GA 08932","97304 Short Village, Norrisland, CO 70477",Active
52,68,"58204 Crawford Vista Suite 855, Lake Victoriaside, MS 73434","912 Hernandez Tunnel, South Isabel, CO 60744",Active
53,64,"52503 Angela Port Apt. 679, Nataliestad, ND 63575","560 Briana Highway, East Jesse, RI 84390",Closed
54,144,"4033 Carter Union, Lake Holly, SD 35785","3986 Robin Square Suite 544, East Jason, MT 65652",Closed
55,68,"2934 Laurie Knolls Suite 727, Espinozaland, ME 78817","Unit 7398 Box 5675, DPO AA 49245",Closed
56,150,"042 Oneal Grove Apt. 869, Port Steven, CT 82083","66303 Amy Grove, East Kaitlynstad, SC 87592",Inactive
57,150,"4552 Swanson Dale Suite 184, West Brittneymouth, CT 01767","858 Michael Branch, Lake Louisfurt, KY 97244",Inactive
58,93,"333 Brown Fork, Port Richard, DC 78271","561 Amanda Trail Apt. 012, Hardyland, NH 97213",Active
59,36,"40258 Judy Mountains Suite 431, South Nicholas, NE 93235","789 Martinez Park, Heidiside, NE 72267",Closed
60,127,"091 Hansen Ports, Port Shannon, IL 26492","935 Lee Junctions, Wilsonland, CA 62493",Active
61,13,"3870 Leah Ferry, East Cindy, MA 19767","7807 Tracy Dale, South Lauren, NH 77766",Active
62,40,"093 Wilson Landing, Gardnerbury, AR 56734","89153 Garcia Row, Jonesbury, WA 52985",Closed
63,41,"3273 Donna Brooks Apt. 298, Port Edwardfurt, PA 61346","4998 Aaron Mountains Apt. 548, North Tracey, RI 58746",Closed
64,109,"491 Mcmillan Locks Apt. 313, Schmidthaven, IA 36067","9168 Brown River, Camerontown, VA 80532",Closed
65,17,"981 Miller Square, South Jacob, VA 76251","07542 Joshua Alley Suite 807, Smithmouth, MA 61739",Inactive
66,98,"Unit 9153 Box 3331, DPO AE 29409","51488 Miller Greens, North Jaime, AZ 53062",Closed
67,120,"702 Ashley Springs Apt. 059, South Andrew, NC 59450","6255 Sabrina Vista Apt. 759, Jeffreyland, RI 36023",Closed
68,65,"642 Heather Fort, Lake Bethany, ID 56185","35631 Katherine Road, Nathanville, SD 71597",Closed
69,3,"678 Ashley Route, Port Leonard, AK 51599","011 Davis Common, Mendozaland, GA 22214",Closed
70,30,"6059 Dominique Ramp Suite 968, South Ashley, WY 62096","7522 Jeffrey Ports, Johnsonton, IL 61621",Closed
71,138,"8418 Oliver Common Suite 385, Paulmouth, NJ 58548","00821 Berry Drive Suite 380, North Anthony, MA 71297",Inactive
72,88,"048 Jeremy Hollow Suite 917, Quinnhaven, AR 58877","201 Cheryl Route, Sethhaven, CT 48206",Active
73,76,"626 Sean Tunnel, Patelport, MS 21745","3454 Macdonald Corner Suite 194, New Melissa, NC 97396",Inactive
74,41,"USNS Lucas, FPO AA 91261","29663 Zachary Port Apt. 692, Lake Jillside, OR 56349",Inactive
75,1,"6124 Annette Groves Apt. 053, Michaelton, MT 58940","86114 Ramos Tunnel, North Aaron, WA 69362",Closed
76,68,"7310 Cameron Glens Apt. 629, Port Victoriaburgh, TN 53402","34818 Benjamin Summit Apt. 170, Port Kristopher, NH 04105",Closed
77,46,"89534 Roberson Walk Apt. 282, Trujillochester, NC 99447","152 Stewart Islands Suite 632, Donaldfurt, ND 42842",Closed
78,28,"61911 Christy Turnpike Apt. 878, New Johnmouth, MS 13970","2259 Blackburn Isle Suite 485, Kimberlyton, ND 05203",Closed
79,77,"596 Robinson Neck Suite 299, Williamton, WV 07158","757 Jeffrey Walks Apt. 517, Christopherton, DC 08540",Closed
80,130,"2482 Chang Cove Suite 709, Andradeberg, NY 78382","206 Amanda Orchard, Courtneymouth, NE 14060",Closed
81,51,"34710 Taylor Oval Apt. 395, South Sharonchester, IA 93596","6522 Hinton Plain Suite 410, South Cheyenne, NV 56607",Active
82,96,"100 Anthony Motorway, West Evanfurt, SD 86866","8276 Anthony Green Apt. 623, Ellisonbury, MI 24914",Active
83,139,"358 Joshua Cape Suite 736, Dennistown, WV 68243","0528 Christopher Inlet Suite 235, South Shaneborough, PA 97987",Closed
84,1,"27510 Michael Ridge Apt. 794, Jesseburgh, KY 63540","USCGC Arnold, FPO AE 30220",Closed
85,83,"266 Jennifer Garden, West Lori, IL 53015","10683 Simon Tunnel Suite 290, Jeremyshire, AL 47963",Inactive
86,5,"22717 Collins Estates Suite 606, Herberttown, WY 89272","Unit 4906 Box 0929, DPO AP 80593",Active
87,93,"50938 Katherine Street Suite 769, South Erin, VT 63038","8410 Steven Mountains, West Scottberg, CT 09181",Inactive
88,62,"28318 Emily Corners Suite 747, West Jennifer, DE 62972","4806 Moore Underpass Suite 000, Donnaburgh, SD 08337",Active
89,62,"32031 Jennifer Hills Apt. 599, South Charles, KY 35724","49506 Rose Tunnel Suite 891, Patriciashire, OH 84486",Closed
90,21,"39640 David Stravenue Apt. 399, South Scottmouth, KY 66518","769 Mark Union Suite 400, Lake Keith, KY 12543",Active
91,125,"05343 Hill Mews Suite 895, West Daniel, GA 30522","804 Kline Road Suite 678, Port Rachel, CT 51469",Active
92,137,"657 Vasquez Village, South Antonioburgh, DC 32118","59908 Allison Cape, North Grant, NC 59044",Active
93,33,"2249 Ashley Ridge Apt. 840, Susanton, AK 51700","245 Brown Summit Suite 290, Youngbury, SC 47668",Closed
94,122,"76110 Glass Locks Apt. 909, Kristenchester, MT 14218","356 Donna Unions Suite 498, Bryanshire, KY 34482",Closed
95,43,"088 Patty Shores Suite 559, South Martinberg, LA 86950","1352 Pam Springs Apt. 512, Shannonbury, IA 41000",Inactive
96,136,"6256 Ronald Vista Suite 783, North Lori, GA 11472","USS Jones, FPO AA 35548",Closed
97,109,"770 Matthew Gardens Apt. 104, New Hollyberg, MT 50173","2195 Lam Plaza Apt. 761, Riverafurt, NE 63660",Active
98,139,"3065 Goodman Flat Apt. 018, Munozburgh, DE 71260","951 Smith Lock, South Susanland, WA 62312",Closed
99,52,"1223 John Crossing, North Katieside, ME 13121","12580 Brown Street, Anthonybury, NH 96559",Closed
100,80,"381 Colon Villages, Michelehaven, PA 59458","USCGC Jones, FPO AP 56756",Inactive
101,96,"75213 Jennifer Plains Suite 427, Lake Karen, GA 75801","77168 Scott Knolls, South Markshire, NH 44783",Inactive
102,133,"04809 Christopher Forest Suite 694, New Rick, DC 17348","11713 Pollard Circle, New Michael, AZ 11427",Inactive
103,31,"370 Lawson Radial Apt. 442, Bushburgh, MT 59679","241 Lisa Meadow, Angelicamouth, NE 67263",Active
104,58,"7349 Scott Lakes, Nicholashaven, NC 35920","6950 Maria Well Apt. 916, Jensenberg, TX 77415",Active
105,87,"2164 Angela Springs Suite 424, East Jessica, IL 76562","78590 Patterson Fields Suite 153, New Tylerburgh, WA 18288",Active
106,142,"1159 Hall Neck, Hansenview, ND 86577","9275 Tran Forks Apt. 378, Johnsonville, WV 62339",Active
107,57,"381 Kara Ports Apt. 576, North Theresaville, NE 11417","97099 Mueller Pass, Calebstad, AR 49460",Active
108,19,"5899 Yang Meadows Apt. 361, West Amber, VT 95281","377 Jessica Wall Suite 612, Robinsonburgh, NM 17548",Closed
109,16,"9216 Roy Corner Suite 669, Brandybury, WY 17026","85215 Kimberly Center Apt. 661, East Angelaport, OH 11480",Active
110,18,"8075 Morris Harbors, Santiagoville, ME 41245","03704 Ronald Mews Apt. 916, North Nicholas, KS 47727",Active
111,85,"825 Pam Flat, Jamesmouth, MI 42635","7483 Amanda Rest, Lindseyburgh, CT 77601",Active
112,132,"325 Hall Causeway, Christopherfort, OH 34448","126 Chapman Pike Apt. 712, Marshallfurt, IN 45145",Active
113,72,"6506 Juan Key, North Jesse, IA 96971","48122 James Springs, North Jamesfort, OR 37986",Closed
114,125,"194 Ann Divide, Riveraville, RI 27611","0640 Beck Pike, South Caitlin, NV 44591",Active
115,139,"PSC 9177, Box 8111, APO AP 87136","359 Taylor Club Apt. 422, Lake Samantha, CA 70333",Active
116,147,"316 Cook Plains Apt. 890, Kendrafort, NH 56938","098 Logan Drives Apt. 390, Port Garytown, CT 24016",Closed
117,122,"0017 Shannon Via, New Amanda, IA 50767","USS Christian, FPO AE 96903",Active
118,122,"USS Howe, FPO AP 47538","16260 Savage Creek, Scottchester, AR 76169",Inactive
119,49,"400 Melissa Turnpike, Jasminebury, CT 59204","17034 Heather Causeway Suite 494, Mitchellport, WI 87574",Active
120,25,"17653 Bishop Dale, Martinezhaven, VA 27903","2298 Rose Shore Suite 814, Hobbsside, RI 31381",Closed
121,111,"306 Diana Well Suite 248, West Cassandraland, IN 82941","PSC 2515, Box 2911, APO AE 12782",Inactive
122,109,"USNV Wilson, FPO AE 55644","USS Foster, FPO AA 17988",Inactive
123,120,"951 Michael Course, Toddmouth, OR 36595","389 Fields Circles Suite 830, South Christine, SC 45296",Closed
124,14,"91518 Austin Inlet, Marshmouth, LA 67190","571 Decker Knolls Suite 530, South Monicafurt, NV 90425",Closed
125,26,"87049 Campbell Fords, East Trevor, NV 85229","1814 Li Tunnel Suite 219, North Danielborough, SD 50825",Active
126,104,"156 Baird Mills Apt. 721, West Mark, TN 68253","56528 Schroeder Valley, West Nicholas, LA 39970",Closed
127,87,"25925 Bates Ridges, South William, DE 19238","99856 Stephanie Square, Hillmouth, VT 19814",Active
128,64,"USNS Castro, FPO AP 74037","12154 Tyler Village Apt. 180, Evanshaven, IN 26886",Active
129,49,"Unit 6812 Box 7155, DPO AE 39104","84958 Andrew Loop, Port Keith, NJ 92008",Closed
130,115,"3516 Mcgrath Dam, North Josephside, ME 16732","3561 Alisha Fords, Port Amanda, TX 84417",Active
131,109,"502 Hunt Island Apt. 178, Port Jillbury, AL 53441","8542 York Views, Westshire, ID 96410",Active
132,72,"8843 Kenneth Bypass Suite 645, North Timothyshire, CA 85512","360 Wesley Lane, Marcusport, VA 66671",Inactive
133,64,"4230 Martinez Extensions, South Jared, IA 45134","396 Edward Lake, Lake Amandaburgh, NY 05901",Active
134,114,"3405 Dawn Spurs Apt. 345, South Faith, SD 68534","USS Campbell, FPO AE 81018",Closed
135,26,"7219 Ward Crest Apt. 758, Jessicaberg, NJ 76717","205 Smith Parkway Apt. 320, Annachester, MO 22366",Active
136,139,"487 Perez Dam, Jefferyhaven, KS 67825","9607 Ashley Route Apt. 017, West Danielborough, KY 82305",Active
137,24,"792 Baldwin Tunnel, Port Gregoryfurt, MD 82715","25829 Jones Views, Chavezstad, IL 55625",Active
138,43,"96273 Timothy Highway Apt. 751, Olsonview, MI 88436","04135 Gallagher Plaza, Port Fred, ND 75596",Inactive
139,125,"912 Diaz Bridge Apt. 723, Julianberg, NV 62829","41047 Jacqueline Street Suite 605, North Monica, AR 39729",Inactive
140,55,"PSC 7581, Box 5106, APO AE 28808","USNS Dixon, FPO AA 25545",Inactive
141,16,"8254 Freeman Crest, Lake Joshuaport, FL 91083","96303 Johnson Port, Nelsonhaven, AR 70518",Active
142,98,"PSC 6523, Box 0645, APO AA 25578","734 Nancy Skyway Apt. 521, Tracyfurt, WI 04555",Active
143,100,"41029 Boyle Garden Apt. 193, Lisafurt, PA 25667","569 Barbara Ranch, North John, IA 18462",Inactive
144,117,"1452 Santos Roads Apt. 498, Davidton, NE 15942","862 Michael Viaduct Apt. 060, Jonathanborough, SC 67226",Inactive
145,109,"58669 Nicholas Keys Suite 622, Robinsonview, NJ 60737","84485 Kelly Turnpike Suite 466, New Meganmouth, NH 74653",Closed
146,143,"600 Blackburn Club, Stephanieland, NE 51212","8022 Singleton Corner Suite 641, North Ryanstad, DE 21781",Closed
147,125,"3825 Pollard Fort, Port Dustin, MT 41587","51363 Parker Square, Yvonneport, OK 97830",Active
148,49,"61021 Harrell Grove, Marktown, ID 89879","70255 Shannon Lake, Port Pamela, OH 31456",Inactive
149,56,"68359 Matthew Mountains Suite 888, Johnsonbury, VA 06732","PSC 2845, Box 8002, APO AP 26910",Active
150,149,"067 Ashley Shores Suite 859, South Russell, LA 06633","325 Taylor Square Apt. 116, Williamborough, MS 09557",Closed
151,139,"25118 Harris Landing, North Rachel, VA 03912","475 Ronald Knoll Suite 390, Thomasside, WY 59014",Active
152,81,"74556 Mckay Station Suite 895, Charlesport, AL 46267","Unit 3563 Box 5446, DPO AA 25600",Active
153,13,"30350 Justin Valleys, Garciamouth, ME 10768","1929 Elizabeth Valley, Lake David, ND 46647",Closed
154,123,"7142 Lopez Locks Apt. 102, Lisamouth, AK 23157","2458 Jones Villages Suite 576, Port Michelle, MN 28484",Closed
155,136,"66436 Boyd Vista, Cortezmouth, PA 91023","5248 Hansen Locks, South Michaelburgh, NJ 42429",Active
156,15,"USNS Jackson, FPO AE 28733","16937 Murray Glens Suite 909, Jasonstad, IA 49840",Closed
157,21,"846 Michael Parkways Apt. 146, Andremouth, AK 30817","729 Abigail Courts Apt. 722, Lucashaven, MD 51183",Active
158,18,"1380 Cruz Union, East Jocelynhaven, KS 29608","27732 Miranda Station, Port Karen, IA 50905",Closed
159,18,"5395 Grant Turnpike Apt. 343, South Andrew, DE 95000","8554 Conley Ville, North Jessicashire, KS 08273",Closed
160,61,"256 Snyder Rest Apt. 477, Lake Joshua, AL 12770","09337 Gina Wells, South Mallorytown, NE 88918",Inactive
161,31,"76200 Horton Drive Apt. 976, Kyleside, MT 49692","423 Kevin Mountain, Brentmouth, ME 71074",Closed
162,64,"678 Ray Extensions Apt. 584, Martinland, RI 97323","6628 Jason Fort Suite 500, Crystalshire, WI 62551",Closed
163,11,"54496 King Pass Suite 330, Karenmouth, IN 45896","3895 John Freeway Apt. 964, North Amber, MS 22170",Closed
164,21,"36829 Webster Tunnel Suite 220, Dillonburgh, MD 99680","0358 Walter Locks Apt. 681, Karenport, OK 26256",Inactive
165,150,"5929 Aguilar Pine, Joshuaside, WA 37504","062 William Inlet Apt. 564, New Patrickchester, NM 89342",Closed
166,134,"485 Ellen Island, New Roseburgh, IL 45933","594 Lewis Island, Jefferyland, TN 09260",Inactive
167,67,"28428 William Wells Apt. 672, North Roberttown, MN 10262","8576 Ferrell Square, North Alexis, KY 13351",Active
168,81,"406 Romero Knolls, East Johnny, NE 08793","2609 Macias Alley Suite 658, Brianville, NJ 67192",Active
169,68,"PSC 4631, Box 2079, APO AE 02575","04722 Nicole Radial, Caitlinport, MN 30990",Inactive
170,34,"30869 Rebecca Drive, North Jonathan, NM 45401","380 Kelly Roads Suite 362, Lake Brittany, MT 22113",Closed
171,77,"36758 Klein Inlet Apt. 901, East Claytonmouth, SC 62941","807 Kim Stravenue Apt. 258, Port Danielland, CO 88513",Inactive
172,81,"256 Rachel Road, North Mary, MI 39842","2274 Randy Forges Apt. 290, Kimberlychester, NH 40284",Active
173,3,"32526 Scott Roads Suite 146, East Ashley, MA 82666","954 Buck Isle Apt. 678, East Brett, NE 04149",Inactive
174,145,"USCGC Russell, FPO AA 32557","509 Koch Village, Port Kennethfort, KY 26980",Active
175,19,"Unit 7511 Box 8480, DPO AA 81610","7379 Billy Ports, North Angel, NE 73715",Closed
176,55,"48575 Edwin Turnpike Suite 383, New Mary, AZ 05698","96313 Brandon Union, West Alexis, NC 37117",Closed
177,68,"1222 Maxwell Drive Suite 591, Lake Vincent, NC 06437","4805 Matthew Village Suite 683, Evelynbury, NE 92344",Active
178,90,"Unit 0779 Box 4936, DPO AA 64022","5539 Valenzuela Corner, North Kimberly, AL 46819",Active
179,63,"076 Lee Ramp, Tonyfort, NH 51729","59416 Butler Loaf, Port Jamesstad, AK 45487",Inactive
180,73,"0401 Michelle Pines, New Steven, ME 60864","38231 Oneill Passage, Port Jamie, NM 71271",Active
181,113,"6118 Fisher Freeway, Millerfort, IN 74840","20479 John Cliff, East Connormouth, DC 80780",Closed
182,78,"786 White Drive, West Loriburgh, ME 44042","2042 Anderson Lane Suite 009, West Lindsey, MS 37684",Closed
183,136,"21935 Scott Squares Suite 734, Michaelstad, IA 17758","8248 Wood Viaduct Suite 902, New Mollyshire, CT 31291",Active
184,142,"465 Jessica Crossing, Tracieview, MA 99877","4894 Erin Point, Sloanchester, ND 93029",Inactive
185,27,"820 Adrienne Lodge, Perezmouth, IA 29762","957 Sandra Well, East Jessica, ND 47332",Active
186,68,"57887 Benjamin Pass, Fordland, ME 43428","975 Pierce Mall Suite 858, Lake Peggy, WA 22884",Active
187,28,"04193 Jones Views Suite 999, Barbarafort, CT 36272","84001 Lydia Forges, East Ronald, AZ 26485",Closed
188,142,"932 Rachael Lakes, Port Timothyborough, KS 02276","3099 Claire Summit Suite 163, Gomezville, AK 92241",Active
189,70,"3784 Haynes Falls Suite 441, North Cristina, IN 08724","Unit 2566 Box 0160, DPO AP 46731",Inactive
190,54,"149 Daniels Rapid, West Lori, NJ 80590","4731 Rebecca Divide Suite 637, Lake Ashley, NY 07352",Closed
191,88,"11586 Cox Path Apt. 596, West Jill, SD 71225","0618 Dominique Course Suite 142, Codymouth, PA 76019",Active
192,68,"07070 Crawford Ports Suite 327, North Tammyville, NY 06200","83261 Erin Mill, Petershire, ND 91951",Closed
193,126,"528 Andrew Knoll Suite 810, Port Samantha, ME 70734","592 Hancock Street, Robinstad, WI 70198",Inactive
194,14,"8587 Mary Ferry Suite 722, Nancyville, DE 61572","717 Farley Route Suite 328, Nguyenville, IA 82757",Active
195,109,"Unit 5154 Box 4223, DPO AP 89359","50825 Johnston Spurs Suite 924, Port Erinland, NY 13555",Inactive
196,12,"28888 Matthew Ports Suite 928, New Bianca, VT 84552","674 Spencer Manors Suite 468, West Sean, OH 42258",Active
197,86,"Unit 7591 Box 3759, DPO AE 32471","1550 Gabriel Dam Suite 757, Floresport, NJ 15438",Active
198,68,"6348 Aguirre Harbors Suite 551, Mccoymouth, VT 18153","305 Young Route Apt. 706, North Tammyland, DE 89750",Active
199,114,"17647 Joseph Manor, Jenniferville, VT 99343","47915 William Harbors Apt. 887, Jenniferchester, GA 55795",Closed
200,110,"95720 Taylor Square Apt. 784, Austinborough, UT 94147","USS Le, FPO AA 28311",Closed
