account_id,rate_plan_id,start_date,end_date
141,3,1/23/2023,9/29/2024
19,3,7/9/2022,7/24/2021
135,2,8/17/2023,5/28/2024
48,5,5/7/2023,10/1/2023
18,5,3/15/2023,7/28/2021
41,4,1/9/2021,11/16/2022
140,5,2/27/2023,11/15/2022
104,1,5/28/2021,6/23/2024
90,2,10/27/2024,11/24/2023
55,3,12/15/2024,9/8/2024
85,3,7/27/2023,7/17/2021
76,2,8/23/2022,9/18/2024
193,5,7/26/2024,9/10/2024
136,4,2/12/2022,5/24/2022
144,1,6/20/2021,2/12/2021
30,3,1/2/2023,10/14/2023
115,2,6/23/2023,11/10/2023
165,5,10/30/2023,8/17/2022
160,2,3/28/2022,9/17/2021
11,3,12/18/2024,4/8/2023
98,1,7/23/2021,9/18/2023
99,3,8/5/2023,2/13/2023
139,3,3/4/2022,4/24/2024
7,5,12/12/2021,8/16/2023
198,3,4/3/2021,9/17/2023
132,5,9/3/2023,2/1/2021
115,4,3/13/2023,8/4/2023
12,3,9/12/2021,5/7/2021
167,2,7/27/2023,3/22/2021
83,5,8/8/2024,12/9/2021
22,1,8/25/2024,7/2/2021
43,5,9/1/2024,9/22/2021
137,1,6/13/2023,9/23/2021
161,1,2/16/2024,6/9/2022
54,2,6/20/2024,7/24/2021
176,4,10/30/2023,9/8/2022
27,2,7/18/2022,1/13/2023
138,4,8/7/2023,3/1/2023
166,1,4/30/2022,10/11/2024
192,2,11/1/2024,3/14/2021
7,4,1/31/2024,1/20/2021
184,3,9/17/2022,10/13/2023
10,1,3/3/2024,11/18/2023
19,1,8/4/2023,2/3/2024
46,3,7/16/2023,11/27/2022
143,1,9/21/2022,3/20/2021
148,2,3/13/2021,4/18/2022
67,4,3/7/2021,3/25/2022
100,4,10/26/2021,8/2/2024
162,4,10/14/2022,9/19/2022
111,3,12/31/2023,9/9/2021
5,4,1/6/2021,3/27/2024
173,1,12/13/2022,1/22/2021
137,1,3/29/2022,2/1/2023
165,5,5/15/2022,11/30/2022
17,5,8/13/2023,5/8/2022
12,1,4/23/2024,12/11/2022
92,5,7/19/2021,1/30/2024
28,3,10/7/2021,1/26/2024
176,3,6/20/2024,10/7/2023
156,1,3/7/2021,8/6/2023
73,4,11/2/2023,2/3/2024
98,4,2/16/2024,5/9/2024
170,1,10/25/2022,2/21/2023
122,2,4/2/2021,1/31/2021
137,2,1/11/2022,9/1/2021
35,4,2/21/2021,11/28/2022
140,3,2/27/2022,10/19/2024
163,2,5/1/2024,11/6/2021
77,3,10/27/2023,12/27/2021
3,5,9/22/2022,4/23/2022
143,2,6/30/2023,5/16/2021
32,1,7/15/2023,12/28/2022
2,5,8/11/2021,11/16/2021
153,4,7/10/2021,11/21/2022
138,5,1/9/2022,5/29/2023
22,3,1/30/2024,10/10/2024
54,3,8/18/2024,9/22/2021
55,4,5/25/2021,1/13/2023
166,5,4/14/2023,8/3/2022
37,2,6/2/2022,6/8/2021
48,2,10/14/2023,6/9/2021
158,3,1/31/2024,8/16/2023
50,1,12/20/2022,11/21/2021
47,5,5/30/2023,1/16/2023
14,5,4/18/2021,2/1/2021
119,5,3/18/2024,10/16/2022
19,3,4/2/2024,12/23/2023
172,1,5/23/2021,11/13/2021
65,1,2/19/2024,8/3/2021
51,5,4/22/2022,5/29/2021
125,3,6/27/2023,1/1/2024
92,2,9/27/2021,3/30/2024
172,2,10/29/2021,8/20/2022
26,3,4/19/2024,10/12/2021
159,1,4/4/2023,8/7/2024
50,3,5/20/2023,12/21/2021
125,4,5/2/2024,10/22/2023
85,5,10/17/2021,10/12/2021
169,3,3/30/2021,11/13/2022
178,5,9/19/2022,8/16/2022
40,5,6/20/2024,7/12/2024
146,3,9/17/2021,6/6/2022
81,4,8/9/2022,8/30/2023
44,1,10/10/2024,11/3/2023
81,2,9/16/2023,6/6/2024
57,4,6/11/2022,8/19/2021
71,3,2/15/2023,10/8/2022
35,3,7/20/2023,8/12/2023
123,4,8/23/2022,3/5/2022
115,3,4/22/2022,7/16/2022
199,3,12/25/2023,10/10/2021
125,5,6/15/2024,6/19/2021
28,2,5/9/2024,3/30/2024
166,5,6/9/2022,6/3/2021
21,3,3/10/2023,4/6/2024
36,5,6/18/2023,2/25/2024
51,3,1/3/2024,6/30/2021
188,1,7/10/2024,10/9/2022
187,1,11/6/2022,10/6/2021
5,5,5/13/2022,4/21/2023
162,1,8/17/2022,12/26/2023
149,5,9/12/2023,3/27/2021
104,5,4/24/2022,3/7/2024
55,1,4/26/2021,1/19/2024
142,3,4/7/2023,4/23/2021
140,5,3/13/2023,9/18/2022
121,2,9/19/2024,7/26/2024
94,4,7/14/2023,4/4/2024
58,5,4/21/2024,4/3/2022
188,3,5/21/2021,3/17/2023
35,4,6/2/2024,3/5/2022
129,5,2/3/2023,9/19/2023
24,4,8/22/2023,3/7/2021
94,5,3/9/2023,3/17/2023
3,2,12/12/2021,9/12/2024
158,2,9/19/2023,8/26/2023
194,5,5/28/2023,8/1/2023
36,4,9/19/2023,11/2/2022
41,2,5/16/2024,11/7/2021
145,5,9/23/2021,3/28/2023
169,2,8/7/2024,5/16/2024
189,4,8/30/2022,10/29/2021
92,1,4/18/2022,3/27/2023
57,4,8/26/2024,11/14/2023
60,1,7/9/2022,7/14/2023
68,3,2/9/2024,12/21/2022
60,1,10/13/2023,9/21/2023
172,2,11/8/2022,4/7/2022
133,3,8/18/2024,8/7/2022
100,4,12/3/2022,12/8/2022
117,1,2/13/2022,5/6/2022
11,3,5/14/2023,11/28/2021
27,5,11/9/2023,1/5/2021
163,3,4/18/2022,5/20/2023
190,3,3/7/2021,8/4/2023
149,5,7/18/2021,10/2/2023
146,2,10/14/2023,6/30/2024
97,4,4/1/2023,9/19/2022
94,5,2/27/2024,4/2/2023
168,1,8/9/2022,7/30/2024
133,3,7/4/2021,10/12/2023
97,2,8/7/2021,9/16/2022
133,4,9/1/2023,1/5/2022
91,3,1/6/2024,4/25/2023
125,4,7/21/2021,7/30/2024
155,1,5/24/2024,11/23/2021
129,2,5/11/2022,10/26/2021
113,2,9/21/2022,11/24/2024
59,1,10/5/2022,2/20/2023
132,3,11/27/2023,10/14/2021
55,2,5/1/2022,5/5/2023
48,2,8/9/2023,1/12/2024
93,5,12/24/2021,3/3/2022
184,1,12/4/2024,10/26/2024
170,2,11/14/2024,1/23/2021
107,3,12/25/2022,10/9/2022
185,1,5/17/2021,7/7/2024
124,4,8/9/2024,12/30/2022
123,2,2/19/2024,5/18/2022
152,2,11/9/2021,8/24/2022
166,4,3/11/2024,7/21/2021
6,2,1/15/2023,2/19/2021
12,2,2/19/2024,8/11/2024
147,5,4/4/2023,5/16/2023
42,2,1/24/2023,3/12/2022
162,5,3/9/2021,1/29/2022
11,5,8/17/2024,10/21/2024
38,1,12/22/2021,3/28/2022
43,3,7/25/2024,11/7/2022
47,5,11/22/2022,4/25/2022
104,5,9/1/2022,10/29/2021
145,1,7/30/2024,7/24/2024
185,3,4/2/2022,4/12/2024
22,2,7/4/2024,12/15/2022
115,5,6/14/2023,11/7/2021
121,4,12/30/2022,2/8/2023
44,2,9/17/2021,12/28/2022
106,5,5/28/2021,10/8/2022
37,5,9/17/2022,1/17/2023
