customer_id,first_name,last_name,email,phone_number,created_at
1,Lindsay,Hicks,qmckinney@gmail.com,001-906-544-7645x782,8/6/2024
2,Michael,Diaz,amatthews@long-mccann.com,654-559-8493,8/1/2022
3,James,Flores,brianmorse@yahoo.com,626.299.0216x433,10/5/2024
4,Steve,Torres,sarahbates@hudson.com,-9406,12/22/2023
5,Joseph,Wright,chad47@yahoo.com,+1-844-517-6078x4634,2/3/2023
6,Derek,Hicks,bauerlaura@hotmail.com,254.433.8343x186,4/24/2021
7,Samantha,Daniels,beckyhoover@sanchez.com,001-736-201-2701x8839,8/17/2024
8,Selena,Green,jessicaruiz@yahoo.com,(105)289-9234x1431,4/30/2021
9,Dominique,Jackson,xroman@booth.org,(673)930-6522,2/10/2023
10,Gwendolyn,Young,tchavez@yahoo.com,006.888.1282,2/16/2024
11,Alyssa,Mcdowell,andrew29@gmail.com,(019)772-0145,6/17/2024
12,Austin,Porter,michael33@carson.com,+1-076-925-4944x4566,12/26/2022
13,Scott,Simpson,samueladams@hotmail.com,8208378268,11/23/2022
14,Jesus,Jarvis,kimberly30@little.com,(318)742-3563x78825,9/21/2022
15,Michael,King,andreapeters@mills.biz,9986478192,9/4/2023
16,Michele,Lam,simmonsshane@hotmail.com,8976568782,9/3/2022
17,Johnny,Edwards,htrujillo@yahoo.com,+1-995-802-1037x449,6/12/2022
18,Brianna,Palmer,ruizluis@webb-williams.com,345-418-4470,1/24/2024
19,Thomas,Vaughn,jamie86@aguilar.com,+1-745-053-1786x732,1/24/2022
20,Paul,Tucker,josephpratt@gmail.com,975.462.9705x1406,1/6/2024
21,Randall,Newton,tiffanyreed@cannon.com,153-391-8922x00205,10/5/2024
22,Michael,Melendez,woodmichelle@collins.net,001-888-223-0521x810,11/2/2022
23,Victoria,Pope,stewartpeter@yahoo.com,(466)736-0885,12/16/2023
24,Bruce,Ayala,richardpage@hotmail.com,473.297.4511,4/2/2023
25,Sarah,Taylor,phendrix@jones-miranda.com,3119810836,5/9/2023
26,Garrett,Wallace,eric09@henderson.info,(185)118-4767,4/1/2024
27,Jack,Mitchell,jasongraham@yahoo.com,001-064-131-8965x1574,1/8/2024
28,Anna,Wright,christopher24@hotmail.com,-6685,7/17/2024
29,Cheryl,Martinez,martinalexandria@marshall.net,001-658-716-8065x9714,6/6/2022
30,Tracy,Wells,robert17@wise.com,+1-501-138-6436x269,6/24/2024
31,Carolyn,Hamilton,davisnicole@price.com,307.092.2561,12/25/2024
32,Kevin,Rodriguez,patricknancy@robles.net,+1-355-533-3408x1193,11/29/2023
33,Lori,Hernandez,munozhannah@williams.org,006-649-3612,2/8/2021
34,Jody,Adkins,hayneskayla@ford.com,-6364,8/2/2023
35,Charles,Riley,fsantana@gmail.com,473.587.9236,9/7/2022
36,Tiffany,Mooney,barbara51@gmail.com,+1-565-834-1704x28127,8/4/2021
37,Craig,Rogers,jaclyncampbell@grant-mahoney.biz,211-298-2114x681,11/27/2023
38,Gregory,Wiley,ymeadows@may.com,239.594.4370,7/6/2024
39,Todd,Parker,hughessara@gmail.com,3087655415,9/12/2023
40,Christina,Franklin,jefferyburgess@elliott.com,911-893-9896,4/5/2023
41,David,Farmer,joe02@yahoo.com,001-495-081-9431x52646,9/27/2024
42,Chad,Sullivan,owhite@gmail.com,105-835-0013x0978,1/3/2022
43,Katherine,Hudson,molinamary@gmail.com,903-359-6236,4/12/2022
44,Gregory,Perkins,alanbeasley@gmail.com,(906)475-3681x9453,3/9/2021
45,Lisa,Roberson,tmercado@summers.com,059-634-3236x28211,5/27/2022
46,Diane,Zimmerman,asmith@miller.com,(738)404-2517x49851,8/6/2024
47,Amy,Fowler,scott47@yahoo.com,(608)895-1020x5106,7/14/2021
48,Willie,Fields,marcnelson@hotmail.com,1821275521,11/13/2021
49,Ricky,Cross,hensleykathy@yahoo.com,+1-641-657-2285x7518,4/29/2024
50,Daniel,Bryant,xpetty@martinez.org,971-771-7081x3800,4/4/2022
51,Stephen,Huynh,williamsjasmine@byrd.com,(139)018-4415x91694,9/22/2021
52,Ian,Olson,zwells@gmail.com,637-123-9401x7888,12/16/2022
53,Christina,Gordon,justinjohnson@white.com,155.060.0041,3/24/2023
54,Michael,Hill,jenniferwhite@yahoo.com,001-869-484-8099x38858,12/14/2024
55,Sheryl,Mckenzie,jharrison@morris.org,832-974-4677x8014,2/3/2024
56,Mariah,Edwards,jsingleton@fleming.com,001-009-270-2089,12/10/2024
57,Anthony,Snow,john67@yahoo.com,+1-925-778-0967x678,9/21/2022
58,Dawn,Butler,flynnlaura@mack.com,(895)256-0013x231,4/24/2021
59,Adam,Fisher,frazierbrittany@lopez-davis.org,001-940-350-6160,11/4/2023
60,Phyllis,Wilson,wesleyhughes@gmail.com,(675)475-0119x15300,12/27/2022
61,George,Rivers,romeromichael@thompson.com,729.329.7193,10/12/2023
62,David,Griffin,sandersrenee@leblanc-martin.com,790.353.3199x161,10/27/2021
63,Craig,Macdonald,kayla34@smith.biz,(355)682-7538x81668,1/30/2021
64,Mark,Martinez,escobarjeremy@griffin.org,625-228-7757x22150,1/23/2021
65,Jacqueline,Christensen,roseemily@gmail.com,(928)297-2415x014,5/19/2022
66,Rhonda,Murphy,tinawalter@baker.com,(635)871-2078x2192,3/28/2021
67,Larry,Livingston,travisklein@woods.com,+1-181-661-5956x197,4/10/2021
68,Victoria,Ramirez,audrey35@young.com,275.579.9552x455,7/28/2024
69,Mary,Williams,anthony43@gmail.com,001-018-470-4343x91188,10/14/2022
70,Stephen,Davis,beckvincent@rodriguez.com,001-535-446-2762x22809,2/26/2022
71,Steven,Carey,ysteele@frazier-morgan.com,+1-573-045-7929x6933,7/8/2021
72,Amber,Montgomery,george24@yahoo.com,249-673-5692,2/12/2023
73,Anthony,Norris,nathanielward@gomez.com,+1-222-702-5182x377,12/9/2021
74,Joseph,Stephens,jessica26@stephens.biz,808-057-5879x6491,7/30/2021
75,Nicole,Banks,dunnchristine@gmail.com,-8171,9/18/2022
76,Sarah,Collins,scottjuarez@rivera.org,001-884-797-7346x0273,9/6/2024
77,Elizabeth,Morrison,wharmon@rogers-banks.com,+1-712-719-2917x08127,9/7/2021
78,Emma,Curry,jamesstanley@gmail.com,(612)357-3318,9/11/2021
79,David,Adams,garrett19@gmail.com,+1-140-978-3001x830,8/14/2021
80,Holly,Brown,scottvincent@hoffman.net,(157)748-4708x91793,11/17/2021
81,Jessica,Bryant,michellesilva@roberts.info,053.677.1886x1716,8/21/2021
82,Paula,Frank,kpena@armstrong-johnson.com,3228320565,5/28/2022
83,Michael,Lewis,jonescathy@sanchez-poole.com,001-341-957-8753x26226,10/20/2022
84,Caitlin,Patterson,hwallace@wright.com,885.717.9076x04693,7/14/2024
85,Jennifer,Peck,franciscostevens@lewis-weber.com,(078)786-3648x2360,1/2/2021
86,Shari,Franklin,patricia35@hotmail.com,+1-890-012-1874x3387,2/27/2023
87,Eric,Warren,vdonaldson@hotmail.com,(958)403-1476,7/6/2021
88,Katrina,Jones,rhonda41@gmail.com,(525)982-8782,2/13/2023
89,Stephen,Smith,jacob41@freeman-huang.com,(645)262-5844x700,6/11/2023
90,Philip,Davis,wallacelinda@hotmail.com,962-985-7151,9/11/2022
91,Susan,Powell,daniel94@gmail.com,-5773,3/16/2023
92,Jimmy,Carpenter,michael30@walker-bowman.com,-10098,4/29/2022
93,Linda,Shaw,roserebecca@moreno.com,(900)301-6299,9/13/2023
94,Michael,Welch,christopherwalker@miller-cobb.com,498.688.2888x7464,5/2/2021
95,Steven,Williams,costatyrone@mcconnell.info,790.251.0080x86795,8/26/2024
96,Sara,Chaney,brussell@king-benson.biz,542-706-3688x4366,5/26/2022
97,Taylor,Thomas,edward11@oneill.info,001-494-149-3825,1/7/2022
98,Alexis,Anthony,brandon24@yahoo.com,865.357.6229x78504,1/26/2024
99,Kenneth,Mendez,sheliasanchez@harrison.org,091-403-7436x5844,7/13/2023
100,Erin,Calderon,camposvictoria@gmail.com,063-674-3075x312,10/27/2023
101,Emily,Stanley,wallaustin@yahoo.com,809.979.3977,5/4/2022
102,James,Gallagher,lisa12@yahoo.com,(282)515-5703x736,6/6/2023
103,Bonnie,Castro,mhansen@hotmail.com,(695)042-9827x50077,6/14/2022
104,Linda,Smith,barbaraberry@hotmail.com,059-992-7199x01620,2/4/2021
105,Casey,Hickman,rdaniels@hotmail.com,001-398-767-0545x51049,2/23/2021
106,Aaron,Maldonado,brucemartinez@hotmail.com,446-196-5041x036,5/12/2021
107,Mark,Lopez,kenneth11@reyes.biz,328-216-6362x4277,4/22/2023
108,Brittany,Suarez,dross@allen-pratt.net,3095236923,6/19/2024
109,Kenneth,Cabrera,ginajohnson@perkins-palmer.com,2743200780,9/11/2022
110,Dean,Scott,youngkimberly@yahoo.com,001-213-418-4940x05990,4/9/2024
111,Mary,Bartlett,yvonnewatson@higgins.com,481.642.7351x49538,5/27/2024
112,Jennifer,Gardner,margaretramirez@rodriguez-kirk.net,(858)371-9221,12/17/2023
113,Susan,Gonzalez,alyssa44@yahoo.com,302-764-9625x93867,10/2/2023
114,Megan,Marshall,melissahoffman@ferguson.info,308247479,3/23/2023
115,Jeremiah,Juarez,perezkathleen@bennett.com,-3510,1/3/2023
116,Kara,Singleton,gregory80@duran.com,001-278-194-0909,10/18/2021
117,Clayton,Vaughn,mperez@norton.com,(809)857-3778,1/24/2024
118,Bernard,Green,vasquezkelly@douglas-taylor.com,(254)073-0382x6093,2/10/2022
119,Monica,Mccann,lynchcalvin@yahoo.com,+1-150-230-5579x17424,2/23/2023
120,Jessica,Whitehead,walshjennifer@perkins-moreno.com,778.378.2765x92357,11/12/2023
121,Edward,Douglas,jenniferproctor@taylor.net,412.774.3520x465,9/26/2024
122,Shirley,Contreras,keithmccarthy@reid.com,005.381.8852x008,3/13/2021
123,John,Powell,amy02@perez.com,697.582.3654x0935,11/25/2023
124,Virginia,Butler,bennettkimberly@waters.com,+1-321-737-8897x740,10/3/2023
125,Angela,Shelton,jcervantes@gmail.com,447.972.5688,9/27/2021
126,Brittany,Brock,murraypaul@kelley.biz,163.611.4880x2122,9/21/2022
127,Michael,Torres,cynthia88@yahoo.com,3124596568,7/1/2022
128,Sherry,Rice,mcastro@gmail.com,001-543-893-2209x4917,7/8/2024
129,Sarah,Ho,millerjennifer@martinez.com,(044)672-8089x80486,5/10/2024
130,Cody,Cooper,christopher27@buchanan.net,001-985-870-8195x833,3/25/2022
131,Raymond,Dalton,xpowell@gmail.com,484-384-1314x3879,6/24/2024
132,Bryan,Novak,fergusonmeagan@yahoo.com,3950515667,4/17/2023
133,Cristina,Fitzgerald,jenningsbruce@woodward-thompson.org,375.339.5502,7/20/2024
134,Kimberly,Fuentes,williamsdana@frazier.net,-6101,1/21/2023
135,Lisa,Miller,jessica46@barnett.org,+1-158-595-0626x63289,11/10/2023
136,Christina,Cunningham,suzanne00@hotmail.com,+1-410-565-7424x2923,7/30/2021
137,Robert,Larson,georgehoward@barnes-wright.org,+1-873-648-1438x01245,9/9/2023
138,Donna,Gill,williamssharon@hotmail.com,682-816-3939,10/12/2023
139,Jonathan,Gray,villegasethan@gomez.org,+1-275-095-1399x731,5/25/2023
140,Jessica,Love,corey49@deleon-swanson.com,(528)570-1793x0647,4/25/2024
141,Michael,Caldwell,darryl81@hotmail.com,188-371-4617x700,9/24/2023
142,Michael,Kim,uyoder@hotmail.com,719-791-9982x50328,8/2/2024
143,Jesse,Martin,joseph42@gmail.com,+1-866-876-3427x15267,1/17/2021
144,Antonio,Mora,phays@walker.com,801-013-4920,2/26/2024
145,Maria,Simpson,john45@gmail.com,194.975.8927,2/24/2024
146,Edgar,Haynes,tinaclark@richmond-gay.com,892-310-0184,11/21/2023
147,Sharon,Campbell,kristincarlson@hotmail.com,5952223219,1/29/2021
148,Jeffery,Randall,valenzuelawayne@yahoo.com,596-359-8842x32915,9/28/2021
149,Robert,Jackson,tammy35@rios.com,(577)500-8915x6237,6/17/2023
150,Julie,Mendez,vhanson@garcia.com,001-671-357-0528x747,8/7/2023
